login,password,name,surname
chendrik0,jKbk9AzWcPR,Christoffer,Hendrik
bgenty1,QRuzbm,Birk,Genty
etimlin2,3WxV52P2Y,Elwira,Timlin
sberceros3,Z6iiFz,Sarena,Berceros
estroyan4,JngDmkCk8,Ertha,Stroyan
bedelheit5,mrdOTIH,Barnaby,Edelheit
ireece6,pecR6JbDk0,Ina,Reece
kdemetr7,HXV6TZ,Kellie,Demetr
bgalsworthy8,5ZxyHv,Brenden,Galsworthy
kdegoe9,nFcyjEfUs,Kip,Degoe
dkasa,bWOi9a3l,Dev,Kas
bcomberbeachb,3tLe2UPrd,Brinna,Comberbeach
efardyc,aSG9KVz,Eugenia,Fardy
dkemmishd,fuNl0tpIu,Doloritas,Kemmish
vhounsome,XbCUX8gcw,Valry,Hounsom
gbilbyf,DAZjEj4hsyCA,Guglielma,Bilby
smckeachieg,zKv5PYHWFg2,Stephanus,McKeachie
szelleyh,v5dnXzrgt4Sr,Stace,Zelley
dbriddeni,JA7auY,Donnell,Bridden
odenecampj,QuAvea,Odie,Denecamp
shanwrightk,M4akzM,Sidnee,Hanwright
tmatousl,QmFjVH0C,Thomasine,Matous
mjollandm,lHUb3u,Marilyn,Jolland
ncoffeltn,0NtVWvyI,Nelli,Coffelt
vkurtiso,0oF03OtMzw,Vale,Kurtis
wgregsonp,4zeTHwNl6u,Wilek,Gregson
pburrelq,BhWdSaICdI,Pacorro,Burrel
lravenscroftr,cvM6LRG,Laurella,Ravenscroft
fsearchfields,3HVklBHcNzKG,Fabe,Searchfield
ldavydocht,1u8qdC7vyqy7,Langston,Davydoch
gwillcoxu,Pt2TBHeLNw,Grange,Willcox
lswindinv,hRNWYHy,Luelle,Swindin
rsparshottw,3tSD9f8,Rozalin,Sparshott
ngollingx,TO2fBPiZhH4Y,Nathalia,Golling
skmenty,wcO23XDXm,Stephie,Kment
scowdenz,NIZ6dix,Seka,Cowden
ctocqueville10,ix7oCQAsV5,Claudette,Tocqueville
askoof11,tO4CHwnsG6Ch,Adlai,Skoof
mzanuciolii12,RT3Td3,Marci,Zanuciolii
gcaze13,g90qhZx,Gawain,Caze
mthow14,4f5Lot,Mignon,Thow
cbeetles15,KJUp40i7kYb,Crissy,Beetles
ffarington16,ejcmXZuqj0,Frankie,Farington
karrandale17,SNuKtNfJSUfY,Karissa,Arrandale
ielkins18,TsBwrHhN,Iggy,Elkins
mparoni19,3d896i,Maxy,Paroni
aillem1a,6hX5mICJc,Ambrosio,Illem
kadamowitz1b,BSLAAcyihL1,Keefer,Adamowitz
mciobotaru1c,irPLa2wq,Myrtie,Ciobotaru
dlabrom1d,Yijli7wRUf,Dorisa,Labrom
rhlavac1e,iIHFSq4ZgW,Ricki,Hlavac
cpudsall1f,Ffmk1ASp,Caitrin,Pudsall
tahlf1g,J780eXneDRhx,Tod,Ahlf
mcraker1h,1PilJRvYfh,Marylin,Craker
gcristobal1i,7EOQ85,Goran,Cristobal
skeightley1j,xkpadNb,See,Keightley
abutter1k,UNhDWOi,Ariela,Butter
mterrans1l,MXA4Dz1raG,Micky,Terrans
sbentame1m,CGvbgbZVVR,Spenser,Bentame
jfigger1n,hWaBUQlK3LC,Janeczka,Figger
cgall1o,O4FHYoQ25k8,Claudie,Gall
plapping1p,fEDNkYiQ6,Pablo,Lapping
rdeniske1q,2mQId77Zrv,Raleigh,Deniske
leagland1r,hSIpF53bm,Lainey,Eagland
olung1s,IDP6CZ,Odey,Lung
hdewbury1t,2KT9QRUg,Herbie,Dewbury
ameads1u,VDda7tQXk793,Aila,Meads
jemmines1v,aqWgmTNZ5h,Jillayne,Emmines
cegle1w,8ptED2Njt,Cherish,Egle
sdownes1x,fJwePtf,Stillman,Downes
hfitchet1y,WU5yEujqUAB2,Hermon,Fitchet
kpurser1z,MavNh27Ec,Kirbee,Purser
naveson20,zIBzdEF,Nanette,Aveson
mrowan21,Al5jZNRQ,Mildrid,Rowan
frobak22,wJ5soP2tD,Farrand,Robak
akamen23,nArzbdwSZuu,Allegra,Kamen
fdellorto24,BfsOAqF,Fulton,Dell 'Orto
rdavoren25,XLxW1wfpSrxc,Rozina,Davoren
gdameisele26,SPYUxj,Glynnis,Dameisele
jkitcat27,x7IoCvzHH,Jobye,Kitcat
mcorter28,RxarYrCUYiOc,Maxine,Corter
lculter29,SbDRFewJ4,Lockwood,Culter
kgrieveson2a,DOJUDKUg,Konrad,Grieveson
aovey2b,9GclUumWmMa,Adriane,Ovey
kromanelli2c,BOualx,Klara,Romanelli
dvittet2d,bIS3VRaY3E0r,Drusilla,Vittet
rmoreing2e,D0kqjZGBIz,Rowena,Moreing
akenney2f,IUeY8A,Andromache,Kenney
kgurry2g,hg2CmQIvxO,Kathleen,Gurry
hwalhedd2h,v29NkO,Halette,Walhedd
rsacker2i,7ik33v6w1b,Rhonda,Sacker
mklauer2j,JLjnbIj,Mord,Klauer
klindstrom2k,DNCjOHurGPS,Kerby,Lindstrom
cmeredith2l,XQ3lWWW,Chadd,Meredith
rgayforth2m,QFPK6xvaG,Rosabel,Gayforth
jcray2n,fd6msHC2l4gs,Joane,Cray
kfloyde2o,1TEkkYSg,Kahlil,Floyde
cvasilyevski2p,E3MBKgcSyE,Cissiee,Vasilyevski
glinguard2q,Jw5n0FuVV,Gayle,Linguard
heasterfield2r,I5DpbnVF4,Heriberto,Easterfield
iairs2s,2F0R1f70,Ikey,Airs
lbarnsley2t,NJYCSOrAkHJ,Lesly,Barnsley
ccisson2u,IQv5JuYwkm,Cora,Cisson
egraber2v,YatVzavXdg,Ebenezer,Graber
bmacginney2w,CbwO1QcmIf,Bondy,MacGinney
dgiannazzi2x,qaCorsPlU,Daryle,Giannazzi
kzannotti2y,0NkIPWHPG5A,Kristi,Zannotti
ithiolier2z,FCycp2CALx8P,Iris,Thiolier
plippitt30,8gmo6gL,Paulie,Lippitt
rwallbanks31,Y1aXTQEdz,Renaldo,Wallbanks
ealbin32,vq6Nm25CO,Elora,Albin
jfeasby33,Y514p0J2LZW1,Joel,Feasby
aianni34,YnXbZ2GLUG,Angy,Ianni
zornells35,cyfq9o,Zachery,Ornells
mreeday36,ToXaBS,Margaretha,Reeday
nfaulconbridge37,fZLR8GRvG,Norris,Faulconbridge
cworster38,QvvUM7hbTxFE,Christen,Worster
ienrrico39,LNdUCERUW,Ike,Enrrico
rstalley3a,bGauGM,Robbie,Stalley
ctomasik3b,vZnDSi2eQ,Cedric,Tomasik
cphipardshears3c,SCXU3w,Conway,Phipard-Shears
zburrage3d,0xBGk4GcpIY3,Zilvia,Burrage
hdunster3e,m0jdyO,Hagan,Dunster
jmoyce3f,RDnmmelTJES,Julie,Moyce
hbowdery3g,HJOhCQ,Hermina,Bowdery
lshoebrook3h,ue1zthUbv6,Lolita,Shoebrook
mdrowsfield3i,W7MlbQa2WW,Merwin,Drowsfield
stait3j,ByChBmuiV,Sauveur,Tait
drenak3k,Zc4VCjcA4Z,Dallas,Renak
amcnirlan3l,Ztmbioy,Ardenia,McNirlan
eforrestor3m,PnEH4oUq,Ellis,Forrestor
nmuzzall3n,2oXl7m0M3W,Nanci,Muzzall
irounce3o,fhvDtmKT6qP,Ilka,Rounce
dhannant3p,OeauijiD,Druci,Hannant
thosten3q,FNwurM,Thorin,Hosten
awaudby3r,mZzq5TIroEL,Agosto,Waudby
jleyton3s,jf1gRMHJnCuN,Jaclyn,Leyton
jkeyzor3t,xV3A3H,Jacquette,Keyzor
smcconnel3u,T3Hylpc7F,Sollie,McConnel
ydurn3v,LTQxnQsu,Yuri,Durn
cholsall3w,rspY48RGSz,Cobby,Holsall
jdevanny3x,8EJcOEw9o,Janey,Devanny
mkynd3y,mR4l3As4zJ,Muriel,Kynd
kbartholat3z,0vAJQP,Kaylee,Bartholat
tdisbrey40,btH2fQROBxjN,Tod,Disbrey
shalliday41,MB8VtUyRDDEM,Sharia,Halliday
ljobes42,5H1q1yOt,Leonerd,Jobes
crunnalls43,crjXAE,Conney,Runnalls
jantonietti44,iPh7YL,Joletta,Antonietti
gsorbie45,AFXD6LZo,Gillan,Sorbie
estarbucke46,7Qjs6f,Evie,Starbucke
cbuy47,uiMBsbvgK,Conny,Buy
rgladdifh48,8VhWttN,Rowen,Gladdifh
esjostrom49,quN3hHyoL,Erika,Sjostrom
cburberye4a,6gnrkJmX,Chelsie,Burberye
sgoldthorpe4b,zpsX0MJ,Sarette,Goldthorpe
rwidger4c,7e7TLZqI7cx,Raf,Widger
whanrahan4d,qH4UVuq4uwx,Wilma,Hanrahan
rkingswold4e,HKXPEXWflL,Roxi,Kingswold
mblunkett4f,zejPbfudNHH2,Malina,Blunkett
vdunkersley4g,eaZE7q,Velma,Dunkersley
emacrinn4h,VEzpLmHv,Elijah,MacRinn
wfinley4i,zipfh6k,Walden,Finley
klagneaux4j,aCZARvSnk0Q,Kingsly,Lagneaux
gwhitlam4k,MdsNw0,Giffard,Whitlam
sslowcock4l,2FpRJk4Q,Sandra,Slowcock
aaldwich4m,WRgWc1XsVxH,Addison,Aldwich
rlepper4n,LZJq5CgSYN,Rory,Lepper
kmccartney4o,vLoVXHK5iSy6,King,McCartney
bvernazza4p,0i04ubtGmz6x,Byrann,Vernazza
ghorrod4q,YO9zfo3l,Gay,Horrod
rlamboll4r,Iw9kJX8qffxv,Richy,Lamboll
ldominiak4s,N2Vq0CjN,Lonna,Dominiak
xprestage4t,DYYykNHnUg,Xenia,Prestage
mwhannel4u,2OsMugV,Mellie,Whannel
dpostans4v,C9UxMPIJSaAT,Demetri,Postans
rrobillart4w,Qs6UdwWTa,Rubetta,Robillart
wespina4x,NSQUfk,Win,Espina
wglaum4y,RRPvwLW,Wyn,Glaum
elittlejohns4z,wBLkTBDuCveW,Ewen,Littlejohns
abeven50,MlxKpV,Arda,Beven
jsatchell51,tOk4Lo,Jacinda,Satchell
amewe52,IGh4Fw9VlyGK,Alyda,Mewe
nlippi53,BivAoO45,Nolly,Lippi
jpavel54,NE9uDQaHi,Jessalyn,Pavel
rroke55,m2GLAXFFlBP,Rycca,Roke
pglassard56,ogHUl1YoQX,Petronia,Glassard
aizkoveski57,addOEfOr,Anna-diane,Izkoveski
fretchless58,UQ3xbsO0,Ferdy,Retchless
wlortzing59,65ioKMAK,Willette,Lortzing
jblaxlande5a,BH7Zhu,Joela,Blaxlande
jpink5b,Hxpmb9CWi,Jermaine,Pink
anovill5c,dLMk7KuNJ,Alyssa,Novill
djacmard5d,GIVeLroLb,Dusty,Jacmard
bianelli5e,6446WPjTczqA,Becca,Ianelli
lneillans5f,ORyHoiw4,Launce,Neillans
ecrasswell5g,fYBqmX,Emelda,Crasswell
sfain5h,U3jpIDAzAc54,Sansone,Fain
kswyer5i,a9YbvRaG1,Kendell,Swyer
gshine5j,YVRZzK,Goldarina,Shine
tcaselick5k,5dqWcH22q6,Tabbie,Caselick
tsarl5l,DaKMMs,Tove,Sarl
cchalcraft5m,FWVZ1G,Cointon,Chalcraft
dgatteridge5n,J4E3Jl,Dud,Gatteridge
khartopp5o,pnqMmnRuX,Kliment,Hartopp
lkerss5p,hwKzKaTMZY,Lanae,Kerss
bdwane5q,BTFUbGr,Barry,Dwane
cmcdavid5r,n8393OXt,Constantina,McDavid
rgain5s,mX3WfZgBzg8u,Ray,Gain
edaintrey5t,ObLLVL7Z,Emlynne,Daintrey
cpechell5u,posoFFqu,Consalve,Pechell
dstivers5v,J5ZCoUf,Damiano,Stivers
cmoxon5w,Lab2RO,Callie,Moxon
awalling5x,S5qTeD0yhVN,Annmaria,Walling
gmeynell5y,QRcHGNriYbBF,Garvin,Meynell
nreide5z,2NnEnoSAS,Neddie,Reide
lblemen60,otTeZP,Luciano,Blemen
texley61,SItQ6B0,Tabbi,Exley
rbloodworth62,k3aoc0QNF,Renaldo,Bloodworth
gstrutz63,RXaTqTNOoD,Gerianna,Strutz
acasine64,GDkhR3m2NDX,Austen,Casine
ftegler65,D1iQ7GPaXj,Faun,Tegler
jdobbyn66,0pB7V8S,Jordana,Dobbyn
bpauleau67,JO72tzY6k,Brittani,Pauleau
mefford68,qYyBBmCeW,Madeleine,Efford
mruppeli69,X6Wg8U,Mason,Ruppeli
mmaitland6a,OXL3xSH2i,Mag,Maitland
ojandak6b,lvnOdH0,Orbadiah,Jandak
noxenden6c,I9QETrZGgZf9,Nicko,Oxenden
vsultana6d,ayaBybEKNHh,Veradis,Sultana
tolekhov6e,qCfOwUkCb9b,Tansy,Olekhov
ddiggles6f,X3qLp2Pq,Doris,Diggles
jschiell6g,xsEHmsWSQjc,Jonathon,Schiell
oordelt6h,zGl7ny6sMqOn,Oliy,Ordelt
vzoppie6i,dxxIVxe6y,Velma,Zoppie
echeston6j,fWH6SwIyU,Elnore,Cheston
pmityushin6k,nwQeCy6O,Payton,Mityushin
dyurenev6l,2FotAixnAN,Demeter,Yurenev
acunah6m,K4PS6dW,Abagail,Cunah
gbartkiewicz6n,nSMCNjVT,Geraldine,Bartkiewicz
zvango6o,5ZIA5EPW,Zorina,Vango
rdudgeon6p,IRRunZLRfmRX,Rodolph,Dudgeon
gedsall6q,BzmexrO1b,Guthry,Edsall
rpickthall6r,8ffSAIHbHKxc,Randi,Pickthall
pseeley6s,TeqVrhi4hn,Paulita,Seeley
dtanswill6t,Cx6eoZ,Donall,Tanswill
cscrivenor6u,lsh7EWqh2lv6,Cherrita,Scrivenor
zswansbury6v,uWLwCoc,Zsazsa,Swansbury
jpratchett6w,R3QDsXMuNO,Jeffrey,Pratchett
tturpie6x,6uIWio,Tobit,Turpie
jbarling6y,5PJ3g1p,Jermayne,Barling
estroband6z,U50LmHI,Elisa,Stroband
tbubbear70,JxsXRXWZ32e8,Tersina,Bubbear
cwinchester71,UaTEXweHXR,Cassey,Winchester
kserver72,4N6b35rhxxO,Kermie,Server
aemlin73,XAo8QE2CNr,Alphard,Emlin
pcaston74,YkqlUrIEoc2,Page,Caston
dallabush75,HTNidH9,Drusi,Allabush
thartzog76,0HhO7jdk,Tamar,Hartzog
dirwin77,M5n6pDIh3,Danielle,Irwin
cwhittam78,12Mxisd,Corbet,Whittam
ryellowlees79,vl12Riv52O,Rycca,Yellowlees
bballston7a,E4AMgvRdyo,Broderick,Ballston
jtreadgold7b,I3ctZzEvWtm,Jack,Treadgold
bhoofe7c,e0HQMIj,Booth,Hoofe
hellesworthe7d,mJ0DN9,Hillary,Ellesworthe
rhunnaball7e,fkO9kp5ypjYj,Rudie,Hunnaball
dgoodier7f,c07s6sVlP77,Dukey,Goodier
ltrace7g,w6mkaJ3FloG,Lizzy,Trace
rmacquist7h,kvL0LgAl,Ralf,MacQuist
ecaser7i,M7d2wu0,Evelyn,Caser
cpittam7j,vfNgjk5om70,Cori,Pittam
adelacour7k,8nrh044P,Armando,Delacour
dblissitt7l,MAhaJjtL,Diena,Blissitt
mdavio7m,BHmQRlnh,Marietta,Davio
btarling7n,Arwoh7s4baiO,Beverley,Tarling
ohamby7o,egrwyjE,Owen,Hamby
amarchington7p,EpwAVulHL,Alla,Marchington
narrigo7q,csXx6n,Nollie,Arrigo
ccharley7r,XdbNsBZ,Cad,Charley
jgilchrist7s,WtwXgqVS,Juliane,Gilchrist
dorpyne7t,Me122QWVWI,Doti,Orpyne
niremonger7u,R0T6cdDM,Norris,Iremonger
sletchford7v,Tw55wwuTn,Shelley,Letchford
dharley7w,Jmh0iK,Dory,Harley
kahern7x,znJG9c4mL,Kattie,Ahern
edankov7y,RSiHwx,Erin,Dankov
bbellefonte7z,slv2A5T3xgR,Bell,Bellefonte
blafay80,AQBhqi87K2,Britney,Lafay
tklimuk81,RdHTrhNq,Thorny,Klimuk
nkellard82,EVx6gI6t41uc,Nani,Kellard
jpoker83,acrwWF6GJ,Jillie,Poker
bmedway84,n6X3D8BQX3rw,Blinny,Medway
mosinin85,VpoLW2jOSg0,Melissa,Osinin
pstuck86,wIvUC1Xfv,Patin,Stuck
splant87,uVyPMULIzm,Sibyl,Plant
tpremble88,loWKftjU0nhj,Tull,Premble
tmccoughan89,DA2wa5,Terri,McCoughan
sstrood8a,w2rbRAGBoJh,Sol,Strood
mjeffers8b,kZMptEy,Marjie,Jeffers
vgewer8c,C2BKut,Viv,Gewer
ccrickmore8d,wZKUEBjk,Coop,Crickmore
gtallach8e,M8n6X9jb1k,Gracie,Tallach
gmaccracken8f,Mh1Cq0t,Georgette,MacCracken
cbeddis8g,SIgqcduXwp0m,Carolan,Beddis
jmintoff8h,wgACW27,Joelle,Mintoff
dblaw8i,NvM0fK6Xs,Dewie,Blaw
mmee8j,ZJBV8j,Mitchel,Mee
squigg8k,hiCUwV63l,Sibbie,Quigg
lbannerman8l,wtwP58TT,Leroi,Bannerman
ashelper8m,L4xLRVA7YtJ,Anissa,Shelper
amizen8n,gHVvNiw,Aldric,Mizen
fdeeprose8o,zWA25iKbm,Fowler,Deeprose
doquin8p,Pg7GjG2RIN,Dahlia,O'Quin
jmichiel8q,eiWVEcEZlCp,Juliette,Michiel
hsimioni8r,lpCKR6XI3Hi,Herold,Simioni
bkempson8s,rsP401MWgJG,Briny,Kempson
astemson8t,LfscmVu,Ari,Stemson
idesborough8u,mvgeKRqcMQ,Ivory,Desborough
cerickssen8v,ZbtaZkTPWw3,Clio,Erickssen
sberrow8w,nGA6qq,Sutherland,Berrow
ftadman8x,LXWH2l3,Frannie,Tadman
mbourrel8y,qwSJvCYJo9,Madalyn,Bourrel
pbarkshire8z,AZJSMJGhk,Phil,Barkshire
dfairy90,3nMyEw,Deane,Fairy
oderrico91,L7IuL2H5NEld,Orelle,D'Errico
ccaplan92,ruPob09,Chancey,Caplan
imeaker93,5MqkoJ,Irina,Meaker
jrozycki94,lcE5hXm,Janetta,Rozycki
mscroxton95,zf2DQixshk1i,Mahala,Scroxton
mhaydon96,VycJXYn7,Marchelle,Haydon
wshermore97,tnNqMczY,Waldo,Shermore
hfarens98,Z1v33JwW,Hilliard,Farens
agiraldez99,wdEs79dAI,Antonia,Giraldez
bsheircliffe9a,ZhvSX3,Bernadine,Sheircliffe
bmacdonagh9b,o1MwjKBRwQhO,Blane,MacDonagh
lkleinsinger9c,jipFsyU,Lora,Kleinsinger
jgradon9d,ztEFRflK,Jori,Gradon
cmarke9e,Q9f1dge,Catha,Marke
brosencwaig9f,hCZIsplin5,Brose,Rosencwaig
mskiggs9g,cXO90A3LKJ,Minerva,Skiggs
jdutnell9h,efA8He,Jorry,Dutnell
ogothliff9i,qn7J8Xro,Ofelia,Gothliff
wreubel9j,QW2rnJHLLcJg,Wes,Reubel
ifriedenbach9k,MeNkdRpQrnZz,Isaak,Friedenbach
agodehardsf9l,Dh1Pvz7,Amby,Godehard.sf
dgludor9m,N95vfVG,Dacie,Gludor
kbon9n,6NrrHUpdTyf,Kameko,Bon
lcorter9o,LIiM0hpWpn,Leonore,Corter
hpeegrem9p,zY3OBEOutQU,Howey,Peegrem
bleare9q,UhgXTJ,Blondie,Leare
smatisoff9r,yDloPyHa,Sibeal,Matisoff
hmoran9s,8rYJ9jSV4Z1,Hatti,Moran
dparchment9t,hvD53IMdAJ,Daren,Parchment
kcoutthart9u,u2HM1jbpEy,Kathryne,Coutthart
bkose9v,bl0wWGsP,Barnett,Kose
fbeszant9w,3bFGMPzaKW,Farica,Beszant
hdigan9x,l3iED2,Husain,Digan
amcmakin9y,PzBeep,Alis,McMakin
cchristall9z,dffV363oFr0F,Caty,Christall
aleggata0,DQz3Sn,Andrei,Leggat
lhickenbottoma1,9R12hfiI,Leoline,Hickenbottom
sgiffauta2,SHmya7O8,Shani,Giffaut
ostrydea3,AYrfomw7,Orton,Stryde
apopplestona4,47KcbouYj,Alan,Poppleston
pwhittenburya5,5sWB4Zgp,Pascale,Whittenbury
abroadhursta6,2R22bd,Annis,Broadhurst
omcauliffea7,2cGhvf7pvF,Othello,McAuliffe
bjozefiaka8,2xpp6fN8jqjU,Barty,Jozefiak
lbiasottia9,gZN6HInvB,Laural,Biasotti
cnazairaa,DQNEMrf9ZEM,Cordey,Nazair
mmcinteerab,aN8kzLfR,Madelena,McInteer
nsumptonac,ZWHBbUnkD,Nicola,Sumpton
clumleyad,CILwXroRQrU,Charlean,Lumley
tmacpakeae,sATRJUm78R,Trudi,MacPake
hbernardtaf,44yKTZSECcm,Hanni,Bernardt
amckieag,UR7wpjhWf,Alyssa,McKie
aacomeah,VMYnSCTsIbM,Avie,Acome
eowthwaiteai,rqvUUAd8,Ewan,Owthwaite
rshanklinaj,wiLjuFxQgpB,Rowe,Shanklin
rpountainak,thskRnE8mk,Ryon,Pountain
lcarissal,ZPkPSFB8,Lyn,Cariss
jmogfordam,NpyQyLCF,Johnny,Mogford
cwinspearan,GInSogiw,Carlynne,Winspear
mmalimoeao,f2DbkAzAThsJ,Meriel,Malimoe
epenrightap,IxkvtZ,Eydie,Penright
bjakobssonaq,rQ5d5NLYRfwn,Bat,Jakobsson
cfermorar,SzVWn9Rq,Christiana,Fermor
mdurdyas,LPwG9Zh,Mariette,Durdy
enassauat,9l1CJYXR,Eugen,Nassau
jharmantau,SnUM0cWEt,Justen,Harmant
acrellinav,aW72UGxQ,Aretha,Crellin
ryankeevaw,Bn1z0jXa2z,Russ,Yankeev
htrevainsax,f6172LL0w6,Hadley,Trevains
bhenrietay,q4K7OssAsw,Byrle,Henriet
egiblettaz,DcvfDtXVi28r,Evaleen,Giblett
erankineb0,9P57N1,Esta,Rankine
laguilarb1,1iMvOtx,Laurens,Aguilar
rbristonb2,8FB1PWZ,Romola,Briston
ehogginb3,dPoqaV7TC,Ethelbert,Hoggin
kkintonb4,WOE38dT,Kiel,Kinton
lbentonb5,DCit2BaYlqDK,Leola,Benton
dwhitbyb6,F9MsoziTcri,Dame,Whitby
jpluvierb7,ilvF4QzMMIgE,Johannah,Pluvier
nlanningb8,7gYRjeCgtomG,Noemi,Lanning
resposib9,vhc9CrD,Renae,Esposi
lbodemeaidba,WZfIVYet4omh,Leora,Bodemeaid
cgrinnovbb,qwssd0Ukl,Clementia,Grinnov
hjaffabc,IINRb1gvGMz4,Helen-elizabeth,Jaffa
anewberybd,fN4jtP,Alastair,Newbery
cchimesbe,YdAiYBgHOC,Chan,Chimes
lsherrardbf,Yt7e2HCpt245,Lyndsie,Sherrard
npoundfordbg,ugQfUU6Bv,Nickie,Poundford
mkinclabh,q21f8YHiGbsR,Mala,Kincla
ddunnebi,HxzWrhs0,Delmor,Dunne
shundallbj,dyYw9Ya5,Silvio,Hundall
mmountneybk,XX9HxWW,Marcello,Mountney
fnelhamsbl,knMW6MJ,Freeman,Nelhams
ftregidgabm,CaYTq0Q,Felix,Tregidga
mpennibn,jAdE1iql51PC,Marne,Penni
egreenhillbo,eCVsNdT,Eleanore,Greenhill
fbottomleybp,r2C1BIQUbw5g,Florencia,Bottomley
qmaydwaybq,MkMBIJQO3v,Quintin,Maydway
hwoollandbr,y5WPEDhT,Huberto,Woolland
epylebs,zGBgPV0lSa,Emlyn,Pyle
lgreensteadbt,Flz5mF0u6v,Lonnie,Greenstead
dgeorgescubu,sThzpS,Doll,Georgescu
mprandinibv,yfSAtXUQ,Madella,Prandini
jklugmanbw,Wa5NpTb,Joel,Klugman
dbellissbx,bOtndz,Donavon,Belliss
hcaulcuttby,oAoOgN3Dlm8,Hercules,Caulcutt
eguntherbz,64ADlt,Ethelred,Gunther
stenpennyc0,u9UdcldyE0nx,Sibelle,Tenpenny
gmanninc1,3Zw41wUnkL36,Gustav,Mannin
dgosfordc2,ItTUkxjqw0,Dukey,Gosford
pshropshirec3,B1nJiy,Page,Shropshire
jtwomeyc4,67CNULbYbMW,Janela,Twomey
gjiggensc5,VJ8JSDTx,Gray,Jiggens
lpedwellc6,eecrDWB,Lucias,Pedwell
lbignallc7,3yAsjkEg4YI,Lita,Bignall
fphilipc8,o6mcfWB1,Fredric,Philip
eferrierioc9,RN6V65JYCPN,Elianora,Ferrierio
sstorrierca,8gIcoNs,Sofia,Storrier
ngerrillcb,0LG92xzE2SKr,Nanice,Gerrill
cpettiwardcc,WhblOpo,Cosetta,Pettiward
mdringcd,8bisWfvDSa6,Mirella,Dring
dfayece,ECCLPa4j,Dee dee,Faye
lrennockscf,miakWOYfgtVy,Lynett,Rennocks
mimasoncg,raqNYo8M,Margeaux,Imason
jbamberch,wc71PiDZR8,Janka,Bamber
ccossomci,56Ln37IuL6,Cindie,Cossom
ddoelcj,iGaVR7NCDF,Dino,Doel
tbartelck,YlDhIr,Tiffi,Bartel
ajerranscl,L59M1Pe0gbm,Adler,Jerrans
wlaskeycm,rqyaKEaIxD4Z,Winfield,Laskey
vandercn,fxKGyl,Von,Ander
dgiorgeschico,Kwozt4uO1,Dennison,Giorgeschi
mlittleovercp,CsUw1fgSv,Mick,Littleover
rboxhallcq,Etv8JRY,Rosalind,Boxhall
dantowskicr,57eVltZ,Dino,Antowski
lcarmencs,Dk9a2QQZ73,Lowe,Carmen
odwyerct,KEH4bt,Olympia,Dwyer
jkorpolakcu,AmU1pt,Jerry,Korpolak
bfraanchyonokcv,MnSOhb,Bryanty,Fraanchyonok
tsargersoncw,hwablIcY74j1,Thibaut,Sargerson
jfossittcx,kybl3pGKd,Joella,Fossitt
jcaspellcy,F7laGwiwjB,Jorrie,Caspell
nbraiziercz,uTPYTHW9TrK,Nadia,Braizier
hkellied0,IyF1BzGBQ,Hazel,Kellie
rwankad1,cjaYSxtG0,Rodi,Wanka
hhunnicotd2,qSYgeBfbJOk,Hall,Hunnicot
ghowattd3,ru2HHILh9,Grata,Howatt
qdoogoodd4,jNZSFHj,Quint,Doogood
elempennyd5,QOSUorB1,Estel,Lempenny
pfrangioned6,4QU2qWx,Prentice,Frangione
tmcgahyd7,5J7dIZkx7,Townsend,McGahy
pgarnalld8,WD2ltZXGBU,Prue,Garnall
gupsond9,PGjPbAYCyn,Gunar,Upson
mballstonda,uugys7Uuh,Monte,Ballston
dmuglestondb,rCALROWONm6,Darci,Mugleston
bhaledc,15B9l4a,Barb,Hale
pfoxtendd,6owlnm8JC82r,Padget,Foxten
hbettonde,ptemovB3s8,Humbert,Betton
rmullydf,eWdtEWn435Lt,Rorie,Mully
tcontidg,F0v8TkNv,Teressa,Conti
xpadrickdh,rUBesev7,Xaviera,Padrick
dbolverdi,GWo0Ebcibg,Devinne,Bolver
esemeradovadj,YazfM8vp6,Eberhard,Semeradova
nclistdk,pMPpzSKK,Nickola,Clist
bdroughtdl,hGjANjp8H,Bailie,Drought
jbiggerstaffdm,o2gbAkym,Jordan,Biggerstaff
kreedshawdn,7O9efLdP,Koenraad,Reedshaw
awilloughbydo,2Sqpqd,Ali,Willoughby
meltonedp,S4htvCgd7mD,Manolo,Eltone
kcroneendq,hjkRkKwV,Kimberlee,Croneen
jgalierdr,Oi3R6aPLCs,Jeremiah,Galier
ehaszardds,iKxj0qbZ1ZD4,Else,Haszard
cglanvilledt,irs6Vh,Christoffer,Glanville
rsetteringtondu,hrXlPuf4Jk,Rozanne,Setterington
mkowaldv,CdoQek,Micky,Kowal
abrolandw,RWSVpKQ3l,Aubrette,Brolan
lbaffdx,lvxEphZmclqK,Lay,Baff
pchappledy,v8vIMfG,Pietrek,Chapple
palfusodz,kljjkoQKfm,Piotr,Alfuso
egiacomoe0,dm8LAE3Y,Ekaterina,Giacomo
medlingtone1,A2hHi3B5ILL,Merna,Edlington
jarmatagee2,FZjH1txPgb,Jobi,Armatage
scorballise3,4ZKD1s3lO6,Syd,Corballis
besleye4,ZDXIzV,Bryce,Esley
mmcgivenae5,cz9mQZBy5,Madeleine,McGivena
kmccloughene6,CLZ6lO,Kincaid,McCloughen
wmurdene7,LwWvgZhG,Willyt,Murden
itomeke8,3iRo7I9PH,Issiah,Tomek
ggantleye9,n9Fm1Ee,Gwenette,Gantley
obrownriggea,g9QdMwI654g,Ody,Brownrigg
erubinovicieb,fqm7qPAZV,Ev,Rubinovici
tmccurlyeec,9QqJZe,Teodora,McCurlye
hjeaysed,2jn9tx,Hortensia,Jeays
rdetocee,dH9i4nrdM3,Rodina,Detoc
awortmanef,2l70N7lxss,Antons,Wortman
awiseeg,LBouAVgSQE,Abbott,Wise
bfranchieh,y0zHZD24c,Bond,Franchi
mkinseyei,n7Eimf6R3F,Maison,Kinsey
ngostridgeej,TM1ykfD2M,Nissa,Gostridge
mdibartolomeoek,Pd9ekQB6C,Marlin,Di Bartolomeo
astreetingel,DJWB8iUN,Allina,Streeting
mgassonem,70S52Vj090VR,Mala,Gasson
lmullineren,rYrdZfehe,Lorettalorna,Mulliner
jlabroueeo,ifBH6cy,Janaya,Labroue
lfarnanep,7fyFWN5bX7FB,Livvyy,Farnan
kbeddoeq,FkthDwRh,Kalvin,Beddo
gbeecher,i1lhQGL,Goran,Beech
mmullalyes,G61FjWe24g0,Mariette,Mullaly
hshearmeet,jsmAlc69,Hussein,Shearme
agendrickeeu,gnumMh,Arlena,Gendricke
lbulcroftev,8aqOGa,Layton,Bulcroft
sswyersexeyew,KR2sbSoxc,Stephine,Swyer-Sexey
pblezardex,4ocBtNf,Prescott,Blezard
lferrieresey,YcbHRTApUA,Lewie,Ferrieres
gcamousez,ApsYAKYt,Ginnifer,Camous
whamberf0,XbYfWSI,Wilton,Hamber
seddisforthf1,WDlck8,Sharla,Eddisforth
sglandonf2,25jWyP5E9n,Shena,Glandon
emealhamf3,6X4SN5EPt8Y,Eli,Mealham
yleithf4,203nzL84VI,Yoshiko,Leith
ltuitef5,c52FIwDVSE,Lorrie,Tuite
idriverf6,QSTCDz8,Irina,Driver
abeadonf7,RKjOY8,Aurilia,Beadon
esinottf8,XA3zHi,Emelyne,Sinott
bhanef9,JFim9n,Belia,Hane
emetschkefa,XhHXaAaUZH,Eugenio,Metschke
rdillintonefb,z3B0i6,Rutger,Dillintone
lcutcheyfc,TWdA4e,Lucas,Cutchey
aplewesfd,ufmsHo98,Almeria,Plewes
lvequaudfe,cddddKJBD,Lewiss,Vequaud
jdunfordff,ACz61tE,Jyoti,Dunford
ngrisenthwaitefg,oeC8OClceisw,Norbert,Grisenthwaite
sfuchsfh,EjZwec,Sven,Fuchs
wharnessfi,CZelQ2,Worth,Harness
egentlefj,lwx5Py7yk0N,Elli,Gentle
ameechanfk,2N4JBCTj,Ashli,Meechan
rhutfieldfl,l3OqwfR6mEv5,Ruben,Hutfield
cwittonfm,JEvTma,Creighton,Witton
hgallaherfn,OGkmZr,Harlen,Gallaher
rbergstramfo,r8xBsu9fYtsd,Robin,Bergstram
gorgelfp,XJlXwVJGuLo,Georgy,Orgel
eraddinfq,wa3PqTLSY,Ermina,Raddin
tbrennenfr,cD3SKX,Tera,Brennen
gbolsteridgefs,F11soLoRV,Georgina,Bolsteridge
mdawidowitschft,DYON7C,Mureil,Dawidowitsch
abasleyfu,sXr7bn,Ansley,Basley
lomandfv,hKR9IPrNiusH,Lenci,Omand
apalerfw,HxlsEJiXBS,Addie,Paler
tcullinanfx,4rEBNn,Tyrone,Cullinan
wscorrerfy,KAlUuU,Wakefield,Scorrer
asandbatchfz,Do0Y2ldcbNlR,Ax,Sandbatch
nastallg0,QPiWePctu,Nichols,Astall
jdalessiog1,Drni3q,Joann,D'Alessio
ntomaszkiewiczg2,e56e0n,Nina,Tomaszkiewicz
jschinettig3,ihTGQphCi,Justino,Schinetti
wrawlingsong4,KetNae5wkmts,Welsh,Rawlingson
jlintong5,J9Q1IEYOsJ,Justina,Linton
khuleattg6,BpDdb5pjel,Katusha,Huleatt
cnottg7,tlE5GGf2rb,Corny,Nott
bvellg8,y5Qm6OgFk6,Benn,Vell
zlevettg9,ZDDxPOJjyQI,Zia,Levett
dbetjega,TMiNLDZ,Domenic,Betje
mnordassgb,SClmJej,Marcel,Nordass
bkellargc,7L2VfEdr9,Bellanca,Kellar
lovillgd,PD4mjzC8V6,Leelah,Ovill
cbantonge,0FBTEu,Cirstoforo,Banton
mickgf,tpo692ZA97P,Murdoch,Ick
vimlengg,ZRdTNbGDGt7,Virgilio,Imlen
bcleverlygh,T4716b3H,Bearnard,Cleverly
sbridiegi,HgiTID6yGE2,Simonette,Bridie
vduellgj,OEJ4heFV,Vance,Duell
msheircliffegk,wQKOsA2,Melosa,Sheircliffe
bmonnerygl,YkI9RYg,Bendick,Monnery
jfauxgm,NeD9MRGsUeV,Jarvis,Faux
lwichardgn,GlxfBa,Luz,Wichard
ccrummaygo,FvQ2SVgKCE,Codee,Crummay
dlislegp,vYV0iQ,Darby,Lisle
ascrowtongq,37ljtGGX,Arlyne,Scrowton
lcastlakegr,QEtTC39H,Lorie,Castlake
ttoffanelligs,u502C2,Temple,Toffanelli
jbalhatchetgt,ud4ZW6700,Jania,Balhatchet
inorthengu,MxLcvqrGyl,Iris,Northen
shubbersteygv,yLGGEXLJ,Sigismundo,Hubberstey
everillogw,qhv0hC,Erik,Verillo
lbroodesgx,94OhTRQff7J,Lane,Broodes
mgeppgy,kFcXAXVO50,Meagan,Gepp
bbeadnellgz,NoZECofm8,Bent,Beadnell
vmatyasikh0,sCWorztZII27,Vivian,Matyasik
ccorzorh1,mDXwzE,Corrie,Corzor
mleggath2,T7X94XRL,Melodie,Leggat
gtestinh3,l1tZw7,Guido,Testin
jselleyh4,qk94fnQ8hYXx,Jena,Selley
lhueyh5,63NqDkS,Lira,Huey
gciccarelloh6,bXzpJTQORiX,Georgetta,Ciccarello
opretswellh7,5sRjn7o,Odo,Pretswell
smolletth8,dlygWG,Silvan,Mollett
lgerrishh9,fgjYI53kqAI,Levon,Gerrish
egrimwadha,7AqPwiw,Elmo,Grimwad
jwarnehb,qDaFVrXRzV1,Jobie,Warne
astarsmorehc,9wC397SFH9s,Andy,Starsmore
jbagnallhd,0vjoigNSN,Josephine,Bagnall
rjulyhe,umAWPs0,Reynold,July
jcheccuzzihf,AqZt6ubm,Juliana,Checcuzzi
bmonnoyerhg,qWdD5MWk,Basile,Monnoyer
egainsfordhh,bRlxK3,El,Gainsford
rjaouenhi,k7NFKYRz,Robin,Jaouen
agorglerhj,wxvs8EEKUQe,Aloise,Gorgler
cweatheruphk,I6EZwk7Kxtzo,Chloris,Weatherup
bhorderhl,zwreSNR,Binni,Horder
lgoodenhm,JmmVedFAzF,Lizette,Gooden
cgreguolhn,OXhr88AKb6m,Cherye,Greguol
gspiersho,PsjsG8PHkCT,Ginger,Spiers
jshovelhp,LBmG2yB,Justen,Shovel
eclendinninghq,gBZgphCrEW2,Elnora,Clendinning
jcostyhr,MEiavCsCh3C,Jude,Costy
mbrutehs,tYfjjOu,Myrna,Brute
follerearnshawht,gliEGsX8v,Flo,Ollerearnshaw
ddaymondhu,WuSOe3,Deonne,Daymond
delcomhv,roKsPle,Dulce,Elcom
aleathershw,a0yrhAXZ,Alleyn,Leathers
seppersonhx,kpiAXEgf,Sigismund,Epperson
yrizzardohy,1bidyS,Yorker,Rizzardo
cschwartzhz,tTt5dLgZp,Clarisse,Schwartz
ddeeringi0,jSzLjXYH,Daphene,Deering
gpassmorei1,Yzb5rDOZ0,Godfrey,Passmore
mkeunemanni2,v2Qj4q,Meredith,Keunemann
smartynkai3,tMvYWbtDAr,Sophia,Martynka
jebertsi4,YdEMH5arI8bv,Johny,Eberts
zsteedmani5,KAtuof8pQ6M,Zebulen,Steedman
bmonckmani6,ohsduwNR46V,Beulah,Monckman
rgreeningi7,Lcf4PJ0X,Ronny,Greening
kllewelyni8,07hvpT,Keely,Llewelyn
bscotfordi9,OmNzCgojSZhR,Becca,Scotford
epenkmania,8Hv5jW,Ellswerth,Penkman
eluttyib,kooXCCGTb37b,Eadmund,Lutty
bpettersic,qnVRFabpkiM,Bondie,Petters
cscandrootid,5FCbjgnL5x,Carey,Scandroot
rprudenceie,q19ell0kR,Rozalin,Prudence
icobboldif,7zCYOikPF,Inez,Cobbold
cbaggaleyig,Jrg32kT9W4,Carmine,Baggaley
agrenshieldsih,5IYqe7bsYZ4,Aimee,Grenshields
cphilipardii,STrKaO,Carrol,Philipard
jvasselij,YbRbyKk2nTJ,Jasmine,Vassel
mlegassickik,3ZomEK,Millard,Le Gassick
rgleadhallil,XQiuJXkMLfZQ,Reed,Gleadhall
mbarribalim,2Cev6Jw3kWls,Mufinella,Barribal
vgraundissonin,BpRcH2qzOq3d,Vinita,Graundisson
wohanniganio,s39974Ur1ed,Welsh,O'Hannigan
aasherip,OnxVfO46Zo,Adel,Asher
cdeganiq,kGTXYX7H0SfO,Charmaine,Degan
emoxsteadir,zpgoG7Wr,Eustace,Moxstead
vtschurschis,L6vgoK,Valerye,Tschursch
aslaytonit,vJWRRPrC,Artie,Slayton
tapperleyiu,7lt6TnBpvb,Trey,Apperley
apurcelliv,5IoHWk6L,Archie,Purcell
mlivettiw,ItOhbn,Mikaela,Livett
kcurrmix,9UmsYIN0dHg,Kendall,Currm
noboyiy,5UQfWOtqoHRC,Nari,Oboy
cbonusiz,nmZyaioea28,Caryl,Bonus
hgillj0,yPEYc0I,Hasheem,Gill
lstorrarj1,qr579b,Lazar,Storrar
twadlyj2,IPPgtsJKnPNH,Tannie,Wadly
lconnerryj3,HthQ6tb,Lizbeth,Connerry
tlaflinj4,5bPvGkYgd5t,Thedrick,Laflin
pandriollij5,7Zk9pLJHU,Penni,Andriolli
wshinnj6,oFSqOMwKRHu,Wake,Shinn
nwintersgillj7,iRpHXtJksWr,Nellie,Wintersgill
ldavsleyj8,QNh7XK21V6u,Lane,Davsley
dlepinej9,2euZqyAI35LR,Davis,Le Pine
arollsja,UsDPgvC,Abba,Rolls
kjeandinjb,hdZDjhF6,Kendra,Jeandin
cclohiseyjc,PU1JmOca,Cordula,Clohisey
kfantijd,MVVCJr6Qpu,Kacey,Fanti
cfenichje,HgpPp3AEK,Christye,Fenich
cmurselljf,uXBwGg8s,Clim,Mursell
nstotherfieldjg,kdri37QzcRZ,Nathalia,Stotherfield
glegatjh,mgCqsveoaE,Gaynor,Legat
etrailji,rFPbYLaO,Emelina,Trail
rscarisbrickjj,OMJDcAjoCGfa,Rhodie,Scarisbrick
amullesjk,28H1tt,Adela,Mulles
mmarzellojl,yvlLMUBP3,Margarette,Marzello
aliliejm,2NhQ6n4VMODZ,Angelique,Lilie
haartsenjn,4QXLSej44FkA,Horatius,Aartsen
cdabbesjo,awk7Yq4Ch,Caldwell,Dabbes
lhannabusjp,rIJHPGM5fcS,Lars,Hannabus
lshallcroffjq,6XHfZe7u7V,Lynna,Shallcroff
tamburgyjr,SmbHXN7,Temp,Amburgy
piacobassijs,JOiqw7,Prescott,Iacobassi
ypantlinjt,R6ViBbEEd,Yuma,Pantlin
mantoniazziju,aF2ogP4CW,Mattie,Antoniazzi
lmathewsjv,7BCXn0G2P0Xf,Lida,Mathews
hduprejw,3zRzTmqN4,Hadrian,Dupre
mmaxsteadjx,V28wQLp,Marie-jeanne,Maxstead
bbrentnalljy,ekAayZ,Beatrisa,Brentnall
vingoldjz,V9IwDtZahRQN,Valerie,Ingold
mwalworthk0,WG2EY3zP5x,Montgomery,Walworth
bfransesk1,GVOpds7,Bevin,Franses
emonkmank2,95Oba2LO5jO,Enos,Monkman
ksproulek3,KCemWg5HMJj2,Katerine,Sproule
mshorrockk4,ljpoDDeHqmO,Marvin,Shorrock
ybertomieuk5,5JwNuZZo,Yvette,Bertomieu
gsparlingk6,SZ55sCn2,Gordon,Sparling
jlillimank7,19E8tsHJDOD1,Javier,Lilliman
rbaakek8,qjoiMNf,Redford,Baake
bkennermannk9,PdVAOz9EF3,Barbee,Kennermann
sodareka,pj947Zom,Sayre,O'Dare
efreearkb,2xluZHd,Eugenie,Freear
jskallskc,ujxDXkMo3,Jone,Skalls
tkattekd,tSSebBB3Wmtb,Tobye,Katte
ecocklandke,mbw3WnjDW,Elyse,Cockland
ayakuninkf,xCeSLOe,Alistair,Yakunin
imacardkg,rHaMKYZIQV,Isahella,MacArd
apratonkh,ewA8CCU7,Adam,Praton
mrennieki,6UvhrWqbEHM9,Maribelle,Rennie
bcaccavalekj,T0u16luYCO,Byrann,Caccavale
gecclestonekk,4c5Ufi,Georgy,Ecclestone
ewalsterkl,VWJ898u,Emlynn,Walster
bhedgemankm,1VZVrxR2EQ4u,Brandie,Hedgeman
adownerkn,aRsdK6,Annemarie,Downer
anewmanko,u8Yu0mDC,Annalise,Newman
mshowerkp,n3SbCC,Mata,Shower
jcromackkq,Yu6UVw7ZN8H8,Jarrett,Cromack
cjurzykkr,HdKGSf,Conway,Jurzyk
mmutterks,WQQ3Sx8GAPXi,Marjy,Mutter
bleberkt,CrueElTs,Baily,Leber
kdulieuku,8CydmShRASy,Kennan,Dulieu
lextillkv,vXlrZQdNZJ,Letisha,Extill
ycotthamkw,CnUP0pH,Yettie,Cottham
lmonnellykx,X8Gdkile,Lauri,Monnelly
dcarnieky,lOhoZbKLy5g,Dianemarie,Carnie
trablankz,5S0EplufJWn,Thorndike,Rablan
dpinckedl0,p9fAQboiEIE,Di,Pincked
nvakhlovl1,bArjqjmvGTub,Noach,Vakhlov
sdunkl2,5tXrcg,Sheryl,Dunk
cygoel3,mQY4AI3R,Clay,Ygoe
ndaberl4,z2DDrRxsM,Noella,Daber
btunbridgel5,gDsdzIy3,Beryl,Tunbridge
fboshierl6,eN2GRPmaFN2g,Filmer,Boshier
amattsonl7,2U1i9E4,Ajay,Mattson
ncamblinl8,DyivZ6ybD1X,Neilla,Camblin
ajellardl9,bVdiApS,Aubrie,Jellard
tmcdowellla,rigyLlp9K,Tuck,McDowell
hsaxtonlb,4RDbs20KjY5z,Hervey,Saxton
carrowlc,clep7v,Cacilie,Arrow
swongld,oHIIsVcX,Shelby,Wong
ggarrickle,Jn24IuDfT5P,Georgetta,Garrick
vravenhilllf,P72YT5kjS0h2,Vivyan,Ravenhill
mrojlg,Vg7PiM5WHrh,Marina,Roj
jvasyuchovlh,yXAGVnuYL,Jordan,Vasyuchov
trosanderli,I1gqRqt1mdc9,Tony,Rosander
gvanyatinlj,8aRsIhI,Georgeta,Vanyatin
chadcroftlk,OJSAqJAW361J,Caleb,Hadcroft
tbenningtonll,n4d8lq,Trumann,Bennington
dfinnimorelm,C7L9PCs6D,Derril,Finnimore
jbariballln,CNuvAMmBJ,Jobyna,Bariball
cfessierlo,Eo0IoN,Cyndia,Fessier
kjanselp,3kvLOt,Kamillah,Janse
btoynbeelq,VFQtxhR,Berti,Toynbee
siacovinilr,rdongAbjjM,Seward,Iacovini
djovovicls,0fREz53u,Desiri,Jovovic
bstowlt,ImcPAYheGD,Barb,Stow
lletchmorelu,OUAaPMO3,Lori,Letchmore
atomaszewskilv,bYbs4lLFv,Adora,Tomaszewski
fducarnelw,ByncJn,Faydra,Ducarne
rarlowlx,Dc7Xmh,Rosella,Arlow
mbradtkely,h60UFNsFclN0,Margaretha,Bradtke
kphettelz,VFrRVem9jc,Kalle,Phette
myansonsm0,IBagJ9uvifog,Maurine,Yansons
khulburtm1,HbyOwx,Karylin,Hulburt
jkulverm2,xQbuzI,Joyous,Kulver
dhubm3,DpdsTtaq,Damien,Hub
aovittsm4,nBtow4,Antoinette,Ovitts
mglowacham5,uq0c8lavZL,Millicent,Glowacha
fberriballm6,DX41COb7Yfb,Frans,Berriball
slunbechm7,kn0byi,Suzanne,Lunbech
mzisnerosm8,DrmVgvg2pN,Margi,Zisneros
jfyersm9,fqA500kasacx,Joelle,Fyers
jplaunchma,LAH1H1hG,Janetta,Plaunch
abeagenmb,cr18ILwXSu,Aggie,Beagen
csarchmc,Obv3oTXLY,Cassi,Sarch
tborleasemd,moGbzL39,Tabitha,Borlease
chamertonme,XGWNU5eYWY,Coreen,Hamerton
ccuschierimf,lRvzsmT1DsoY,Conchita,Cuschieri
noldcroftmg,nDKRXEF7,Nessie,Oldcroft
ksuttellmh,CYOUjYH8Gy,Kristofer,Suttell
mmichaelmi,c2X2GLO1ytq,Madel,Michael
kjohannesmj,ZrF2xn7EEZp,Kimberley,Johannes
ncarlettmk,eQqHoCW1k1R,Nessi,Carlett
kmoutonml,CKe5tunpB,Keven,Mouton
mgamellmm,O8oyXyp7Ps,Matteo,Gamell
jsommervillemn,0aF6SCNDOyS,Janaye,Sommerville
rlillecrapmo,XDGulGakcRi,Rebe,Lillecrap
drennickmp,N9QE0q6XJqB,Deanne,Rennick
lmilkinsmq,PpbKzp7yD34,Lurleen,Milkins
scamerellomr,GJWvk3Uc,Susanna,Camerello
bchesshirems,cpIjibjj,Bibi,Chesshire
lbrodwaymt,dKz9FsvmBWY,Lucas,Brodway
cgibbenmu,9V1ZNEexnJOu,Cam,Gibben
nautriemv,BYZOqCUXy0Fm,Nolan,Autrie
npackmw,KSAfss,Nolan,Pack
cchisnallmx,X0FYzEV,Caria,Chisnall
ebudikmy,bIyvSTSbGK,Eilis,Budik
leasterbymz,zK2D7Z0NU9,Lowrance,Easterby
ggoltn0,fVpwYEO6,Giulietta,Golt
eandrin1,uLT5Lsj,Ericka,Andri
hbriamon2,86aqNCn,Hetti,Briamo
lcheshiren3,HII0W4PxX,Loutitia,Cheshire
wliebermannn4,Nv5Fdduv0ZC,Waverly,Liebermann
jklimkinn5,TSz4HWfTP,Jacintha,Klimkin
bleethamn6,J11K2k,Briny,Leetham
gskeathn7,wSKzE0jlsLf,Gwen,Skeath
hmutimern8,COhdGXc019,Harman,Mutimer
scouchan9,A2La5jvzWNY7,Sandy,Coucha
rgrocuttna,utHtULKTN,Rheta,Grocutt
cbeakesnb,jrHewj5V,Currie,Beakes
hwinsonnc,JHRgp5IA,Herminia,Winson
mgouldernd,dbtyTvInjp,Morissa,Goulder
cvollamne,s3mlCm,Clyve,Vollam
cmillandnf,qMHeqezTG,Corey,Milland
nmahoodng,hwyD1Z,Neill,Mahood
backermannnh,IevDmKE,Brita,Ackermann
gsarchni,vyAkDo,Glenna,Sarch
cblaylocknj,Sl8OkZ535,Cammie,Blaylock
lchecklinnk,ggl3KXp79s,Lothario,Checklin
bkingsworthnl,U5PLy1,Bendite,Kingsworth
bgartellnm,NXpWRvHh,Boyce,Gartell
ylochrannn,dvEJegU2,Yanaton,Lochran
afilliskirkno,9uJgL4,Aviva,Filliskirk
mfrentznp,7zzlQFc4,Malena,Frentz
srosenkrancnq,sp4pcL1NWf4J,Sydel,Rosenkranc
nkleenr,tOedOjeJT,Nicholle,Klee
csenterns,XLznLKhe,Cecelia,Senter
jziemennt,GI9tv8W,Jany,Ziemen
lcakesnu,GhTb3BG1,Loydie,Cakes
dclingannv,pJ4ISQhCfGiJ,Doroteya,Clingan
psedgmannw,qdjopIfU,Paula,Sedgman
rroosenx,g0G3OaA1Uc1,Raphaela,Roose
jgummerny,4SB4NE0PS,Jory,Gummer
lskellsnz,oYa7vS,Lesya,Skells
dpolettoo0,ymdhtw,Daven,Poletto
jselvestero1,Mjswo0,Jenna,Selvester
jsimonyio2,FgS786C,Jerrylee,Simonyi
rfolletto3,xM5RhF,Ree,Follett
jmengueo4,Lea58EeVnS,Jerad,Mengue
dhutharto5,Owu2ayPNj,Devin,Huthart
mchappelo6,1wE4dvWBIM,Mella,Chappel
zouterbridgeo7,nk7hasY,Zechariah,Outerbridge
fabrahamsohno8,03rrfhu,Fransisco,Abrahamsohn
orimeso9,yWlj5zY,Obed,Rimes
scosinsoa,wKtgO3KhOiq,Shoshana,Cosins
kmencoob,26FewCBF,Kaiser,Menco
kbastianoc,UEdDJR,Konstantin,Bastian
crobertazziod,NJ8sB1CR,Cornelius,Robertazzi
ebraddockoe,wBXrVc,Elnar,Braddock
gjuschkaof,bDn6haf,Georgiana,Juschka
ibellinghamog,dbIcGmXz9dUT,Inna,Bellingham
diacobooh,QmcG0Bxm0TWy,Dulciana,Iacobo
pdufferoi,BU4aSf,Philomena,Duffer
cbarlowoj,mPdFTB,Cicely,Barlow
tdohrok,K2PEkpElz6PZ,Trescha,Dohr
pcyseleyol,CuW5nSq,Paulette,Cyseley
bfettersom,Sz0fUG4XRLT,Berta,Fetters
flappineon,yxX1jwz,Forster,Lappine
mpappsoo,ys5RJ9iV4szO,Marcy,Papps
bbonnop,1brfht,Billie,Bonn
cjuniferoq,JcOtFbcxsEI0,Charmian,Junifer
udisburyor,7j3YXG,Urbain,Disbury
jhuckeos,83hecwf,Jodi,Hucke
dtuleyot,z4ykWBOhUs,Deedee,Tuley
hbousquetou,lsR5ynrIxUsd,Hamilton,Bousquet
bmccourtieov,c9kyw1zGcw,Brenden,McCourtie
pgurwoodow,95EBoTT,Peirce,Gurwood
nwalshox,TTHHUtc2WWXf,Noni,Walsh
fphelipeauxoy,m5Uws5,Frederik,Phelipeaux
jyardleyoz,O0kMokYM0d,Jessie,Yardley
kshanksterp0,5d5Y1y,Kip,Shankster
sstaggep1,eTGX1hIxU,Sherman,Stagge
qlauriep2,ocKROH,Quincey,Laurie
gmarquesep3,c6UsMQfN6v4,Gizela,Marquese
mjolinp4,x2RQFq,Mathew,Jolin
nbortolomeip5,08KnPJs,Netta,Bortolomei
bherreranp6,NuBxFsgB,Bonni,Herreran
lketchasidep7,P5XGLc9pY,Leanor,Ketchaside
btimlinp8,uHUu1tRrxuC,Brianna,Timlin
hbeafordp9,fpjCv2ETg95,Hildagard,Beaford
tpaultonpa,oIPrjxto,Tedda,Paulton
hmonksfieldpb,UKpZpsa,Hanson,Monksfield
pemptagepc,I0P0WW1KkXd8,Perry,Emptage
jhaseluppd,YKOQeVXKYwn,Jarid,Haselup
rqueyospe,mqBQm9M,Rosabelle,Queyos
jsemoradpf,qJuLAtTsiT5,Jordain,Semorad
mstollhoferpg,iSaMhIscGpE,Mignon,Stollhofer
mlaxenph,0SqSko7Bk,Mindy,Laxen
sholdeypi,gRrmm3i6N,Selestina,Holdey
blansburypj,9YhpLS77b,Benedikta,Lansbury
hwallpk,4g3vtvJrIaB,Hilarius,Wall
csigginspl,Sw6u89g8,Carson,Siggins
hdimontpm,zM011pLxpB,Harley,Dimont
hparrisspn,5hYGlxso,Harald,Parriss
dmeirpo,1Xhx8Szke,Derick,Meir
mcasfordpp,NHK8AQ,Miran,Casford
chearnspq,YFoFgt7xdM,Carmelita,Hearns
tshortonpr,T2f83y3,Trip,Shorton
rcullipps,1bw2mS,Rodina,Cullip
ccaccavellapt,F5TsXfEj,Cori,Caccavella
kkaaskooperpu,JPZyVTNJ,Khalil,Kaaskooper
rneilandspv,iJRl6x8IZH5o,Romain,Neilands
cclaesenspw,kd8Q1UtQyOK,Conant,Claesens
lakerspx,WETiwFWcxRU,Lynea,Akers
hhowlinpy,ZWzUhQ,Hebert,Howlin
rcruwyspz,GGfuNfKi,Roseanne,Cruwys
zdominettiq0,jzehs3BCR,Zelig,Dominetti
thebardq1,oaPCOFlz,Titos,Hebard
pbrislanq2,cCZOOO,Pierre,Brislan
nposnettq3,GhVXC4y,Nomi,Posnett
vmawsonq4,lYA24d0MUTc,Vivian,Mawson
iwitterq5,kwiRy4y,Isaiah,Witter
csimmensq6,AdQQYipLjcl,Claudetta,Simmens
ldresserq7,tVXTYRD,Leda,Dresser
rdevuystq8,GON70chrRQ,Rebbecca,De Vuyst
kyardleyq9,d9WmxvBr3Vw,Katinka,Yardley
fmaccafferkyqa,lEvzPGbZn,Forster,MacCafferky
jbeggsqb,nTcfUKQ,Joanie,Beggs
rfeaveryearqc,dLr8j2SDGLAR,Rolph,Feaveryear
baliboneqd,E51zeTerkP,Brooke,Alibone
ebamfieldqe,hF0DpN8Wo,Ebony,Bamfield
cwetheredqf,h8yM4qA0t0n,Cheston,Wethered
cmuffettqg,PVl6XvKlxg2w,Cassandry,Muffett
gvandalenqh,QkQ30Ts6K8r,Genny,Van Dalen
bwadworthqi,8ghMvJHqX8,Bronny,Wadworth
tclimieqj,G7Exldoc8aZp,Teodoor,Climie
ajeffreyqk,DJu0GJ6JRHn,Avram,Jeffrey
cstilesql,6jVqdxnl,Caresse,Stiles
anarupqm,UOXLICLxic5,Alice,Narup
gthorpeqn,iUCBMYbHysN,Gennifer,Thorpe
amosconeqo,Fj9Ymp4yxWB,Arturo,Moscone
cburlandqp,uSTgoZDYjz4h,Chiquia,Burland
cdungeyqq,y7ahSDcjF72a,Clotilda,Dungey
dlonghornqr,h9v9lFX,Dedie,Longhorn
atofflerqs,jREMwigYpR,Arleyne,Toffler
clambertciorwynqt,aRmWPK,Cheston,Lambert-Ciorwyn
hmadlequ,n2g2YxH,Henryetta,Madle
jreapqv,IAQDwZKh7Szc,Jillian,Reap
lstapletonqw,RnB6SbJ,Lia,Stapleton
ufiridolfiqx,pwPpgj,Ursula,Firidolfi
dmacgormanqy,0s6Ci6V2agB,Donny,MacGorman
lcronqz,KW2OrIr,Lion,Cron
ccolenuttr0,4Y9n5exG,Cristal,Colenutt
lhenkmannr1,XIaxOM8,Lisa,Henkmann
lrealffr2,VzJeNz,Luther,Realff
poswaldr3,Eu2wDbT1r1,Port,Oswald
ddentyr4,qcolEWRa1,Debi,Denty
dhazeltiner5,shCPZU,Drucy,Hazeltine
aspaingowerr6,MzN4BIHuDBvo,Andrus,Spain-Gower
hwayvillr7,BXAbEjvn,Heriberto,Wayvill
gmcveighr8,Jbpv6FD9n8,Georgetta,McVeigh
egronousr9,oR9Vt409eWQi,Elle,Gronous
jbernhardssonra,2M35JwEKRc,Jolene,Bernhardsson
ogreaverb,jWW2kYlJCXU,Olenka,Greave
dchasmorrc,apY1EC,Denver,Chasmor
pcrownerd,8bgbd7FUP,Penelope,Crowne
ccavozzire,6eggtb05,Corney,Cavozzi
vtregunnarf,gps6GKKMi,Vasili,Tregunna
gmaidmentrg,NDvEjGxzk3,Genia,Maidment
kjeyesrh,Zg3vWXCqp2i,Kelcey,Jeyes
wgillesonri,i5DqJ8uoQ,Westbrook,Gilleson
kmarvelleyrj,OYvQw22qojG,Kial,Marvelley
bchapleork,B2tgJcTk,Bess,Chapleo
aantliffrl,ricEu2TE,Amil,Antliff
jaxcelrm,AbI7A2psx94Z,Janna,Axcel
rhuntrn,5P9RaJrjqQL,Ralph,Hunt
ffarrero,YZEoijDBwjFL,Finley,Farre
hstrettellrp,rbT0w0k,Hyacinthe,Strettell
mantonionirq,y2gXzw,Marget,Antonioni
sseamerrr,trJz06Z3fbj,Sauveur,Seamer
